organization,industry
海莲花,国防
海莲花,金融
海莲花,政府
海莲花,高科技
海莲花,餐饮业
海莲花,制造业
海莲花,媒体行业
海莲花,零售业
海莲花,通信
蔓灵花,能源行业
蔓灵花,工程行业
蔓灵花,政府
毒云藤,政府
毒云藤,航空
毒云藤,军事
毒云藤,科技
响尾蛇,国防
响尾蛇,政府
Lazarus,航天
Lazarus,工程行业
Lazarus,金融
Lazarus,政府
Lazarus,媒体行业
Lazarus,工程技术
Lazarus,比特币交易所
摩诃草,航空
摩诃草,国防
摩诃草,能源行业
摩诃草,金融
摩诃草,政府
摩诃草,IT行业
摩诃草,媒体行业
摩诃草,非政府组织
摩诃草,制药
摩诃草,智囊团
肚脑虫,政府
黑店,国防
黑店,能源行业
黑店,政府
黑店,医疗卫生
黑店,餐饮业
黑店,非政府组织
黑店,制药
黑店,科研
黑店,工程技术
黑店,中国海外机构
黑格莎,外交机构
黑格莎,政府
黑格莎,船运与物流
黑格莎,大使馆
索伦之眼,国防
索伦之眼,大使馆
索伦之眼,金融
索伦之眼,政府
索伦之眼,通信
索伦之眼,科研中心
奇幻熊,汽车
奇幻熊,航空
奇幻熊,化工
奇幻熊,建造业
奇幻熊,国防
奇幻熊,教育
奇幻熊,大使馆
奇幻熊,工程行业
奇幻熊,金融
奇幻熊,政府
奇幻熊,医疗卫生
奇幻熊,工业
奇幻熊,IT行业
奇幻熊,媒体行业
奇幻熊,非政府组织
奇幻熊,石油天然气
奇幻熊,智囊团
奇幻熊,情报组织
蓝宝菇,政府
蓝宝菇,军事
蓝宝菇,科研
蓝宝菇,金融
APT37,航天
APT37,汽车
APT37,化工
APT37,金融
APT37,政府
APT37,医疗卫生
APT37,高科技
APT37,制造业
APT37,工程技术
APT37,物流
方程式,航天
方程式,国防
方程式,能源行业
方程式,政府
方程式,媒体行业
方程式,石油天然气
方程式,通信
方程式,物流
魔罗桫,政府
魔罗桫,军事
魔罗桫,通信
魔罗桫,核能
魔罗桫,商贸
Longhorn,航天
Longhorn,航空
Longhorn,教育
Longhorn,能源行业
Longhorn,金融
Longhorn,政府
Longhorn,IT行业
Longhorn,石油天然气
Longhorn,科研
Longhorn,通信
CozyBear,国防
CozyBear,能源行业
CozyBear,政府
CozyBear,执法部门
CozyBear,媒体行业
CozyBear,非政府组织
CozyBear,制药
CozyBear,通信
CozyBear,物流
CozyBear,智囊团
CozyBear,Imagery
Turla,航天
Turla,国防
Turla,教育
Turla,大使馆
Turla,能源行业
Turla,政府
Turla,高科技
Turla,IT行业
Turla,媒体行业
Turla,非政府组织
Turla,制药
Turla,科研
Turla,零售业
拍拍熊,国防
军刀狮,媒体行业
OilRig,航空
OilRig,化工
OilRig,教育
OilRig,能源行业
OilRig,金融
OilRig,政府
OilRig,高科技
OilRig,餐饮业
OilRig,石油天然气
OilRig,通信
MuddyWater,国防
MuddyWater,教育
MuddyWater,能源行业
MuddyWater,金融
MuddyWater,食品与安全
MuddyWater,游戏行业
MuddyWater,政府
MuddyWater,医疗卫生
MuddyWater,高科技
MuddyWater,IT行业
MuddyWater,媒体行业
MuddyWater,非政府组织
MuddyWater,石油天然气
MuddyWater,通信
MuddyWater,物流
APT35,国防
APT35,能源行业
APT35,金融
APT35,政府
APT35,医疗卫生
APT35,IT行业
APT35,石油天然气
APT35,工程技术
APT35,通信
Kimsuky,教育
Kimsuky,能源行业
Kimsuky,智囊团
FIN7,赌博
FIN7,建造业
FIN7,教育
FIN7,能源行业
FIN7,金融
FIN7,政府
FIN7,高科技
FIN7,餐饮业
FIN7,零售业
FIN7,工程技术
FIN7,通信
FIN7,物流
双尾蝎,基础设施
双尾蝎,国防
双尾蝎,教育
双尾蝎,政府
双尾蝎,媒体行业
双尾蝎,物流
盲眼鹰,金融
盲眼鹰,政府
盲眼鹰,跨国公司
APT33,航空
APT33,国防
APT33,教育
APT33,能源行业
APT33,金融
APT33,政府
APT33,医疗卫生
APT33,高科技
APT33,制造业
APT33,媒体行业
APT33,石油化工业